id;first_name;last_name;gender;email;phone;address_line_1;address_line_2;city;country
1;Enola;Emmerich;MALE;Wanda.Funk25@gmail.com;(473) 129-0269 x5400;ubiquitous;Public-key Granite;South Winona;Marshall Islands
2;Deangelo;McLaughlin;MALE;Fredy_Koss@hotmail.com;358-078-1351 x6085;Algerian Dinar;firewall;Faheyborough;Niger
3;Autumn;Daniel;MALE;Mariah.Hayes20@gmail.com;1-586-226-1895 x55229;Agent;Human deposit;East Fay;Peru
4;Mohammed;Stamm;MALE;Arthur78@hotmail.com;(665) 031-9690 x21354;Ports Manager Fish;Networked;East Nayeli;Guinea-Bissau
5;Lysanne;Roberts;MALE;Fredy25@yahoo.com;599-348-9647;Borders North Dakota;CSS Re-contextualized;East Kiana;Angola
6;Odell;Nolan;MALE;Janet91@hotmail.com;(370) 993-4595 x99802;reinvent;eco-centric Bedfordshire mesh;Port Rosalind;Paraguay
7;Tod;Marks;MALE;Marcus.Zboncak@yahoo.com;(528) 378-6177;France protocol;open-source HDD;Bodeport;Albania
8;Jewell;Murazik;MALE;Garrick43@gmail.com;603.415.9285 x802;Licensed Plastic Pants;Plastic South Georgia and the South Sandwich Islands;Gloverberg;Venezuela
9;Lina;Klocko;MALE;Juston_Jast@gmail.com;171-995-7307 x3244;Gorgeous Electronics Brand;infomediaries Som Rustic Frozen Keyboard;East Dax;Marshall Islands
10;Aurelia;Ratke;MALE;Loy_Wilkinson@gmail.com;(546) 740-2531 x7103;Small;Incredible Fresh Chips;Chanelleport;Andorra
